Date,AAPL_Volume,AAPL_LNR,AAPL_SENT,AMC_Volume,AMC_LNR,AMC_SENT,BABA_Volume,BABA_LNR,BABA_SENT,BB_Volume,BB_LNR,BB_SENT,CLOV_Volume,CLOV_LNR,CLOV_SENT,GME_Volume,GME_LNR,GME_SENT,NVDA_Volume,NVDA_LNR,NVDA_SENT,TSLA_Volume,TSLA_LNR,TSLA_SENT
01.07.20,110737200,0,8.961293891,4914500,0,-0.014956839,11788100,0,3.18031818,3522800,0,-1.686828735,348300,0,0,2303700,0,-1.630339637,32664800,0,1.236065459,66634500,0,18.46192664
02.07.20,114041600,0,7.683131542,3908400,-0.008791265,0,18128700,0.034811883,-2.436151934,6370600,0.014538158,-7.443534344,275400,-0.010087202,0,1887600,-0.034367644,1.195302648,36405600,0.008593542,4.617620981,86250500,0.076514036,25.58061242
06.07.20,118655600,0.026398714,5.905137073,5489700,-0.05676893,0,33702900,0.070780155,3.504831116,4578900,0.034451229,-15.08256101,365800,0.008260717,0,2140900,-0.011723464,1.986756267,31589200,0.023341195,1.455690518,102849500,0.126451109,22.97836739
07.07.20,112424400,-0.003107747,5.929996837,2667600,-0.035675603,-0.138214202,16491600,-0.014648454,1.199271586,2831900,-0.044814016,-1.86853768,286500,-0.009182801,0.043755583,2456600,-0.036018299,2.092317467,35780000,0.003297571,8.74403997,107448500,0.013239572,27.70011508
08.07.20,117092000,0.023023063,6.216672319,5586800,0.070122177,0,39922700,0.085728009,4.229789349,2486600,0.008298803,-13.44464815,285700,-0.001846723,0.058867313,2052800,0.04072419,1.223370948,36548000,0.034278059,8.747363161,81556500,-0.017404077,26.98018847
09.07.20,125642800,0.004291144,1.571287881,4225700,0.031113621,0.052381517,36803900,0.015021637,4.429495639,2714800,-0.006217637,-9.293450314,172500,0.015589495,0,1992600,-0.011806513,1.546741766,49454800,0.028276784,3.910198077,58588000,0.020579219,15.62089462
10.07.20,90257200,0.001747773,0.267655191,3306100,0.006543099,0.472434871,20335000,-0.002181355,0.53042154,2852000,-0.016771882,-3.363376372,985700,0.021603,0,1410800,0.0304117,-4.924665048,49767600,-0.002834739,1.92555158,116688000,0.102419215,18.43675901
13.07.20,191649200,-0.004623895,14.03258213,4464800,-0.076787143,0.24592209,21568700,-0.036440061,-0.911631529,3526900,-0.032226204,-17.01827631,521600,-0.01164366,0,4216200,-0.018605188,3.001793051,45707600,-0.041600674,-2.541944006,194927000,-0.031294183,-2.763872501
14.07.20,170989200,0.016412976,2.180466156,3291400,-0.009434032,-0.457735603,19782600,-0.012353964,0.474182469,3662800,0,-7.35565667,435500,-0.011780834,0,2261600,-0.043172172,-0.682048783,54267600,0.031795233,4.805890869,117090500,0.013099662,-5.461026007
15.07.20,153198000,0.006853747,-0.789149447,4830700,0.064242269,0.360850677,12614700,0.002531209,-1.419629471,3575500,0.02798891,-6.336209277,837800,0.001821494,0,1474100,0.026603746,-0.147294112,40398400,-0.014536053,2.448738769,81839000,0.019074602,-4.87999434
16.07.20,110577600,-0.012381273,2.819809027,1997500,-0.027028672,0.195716163,18032100,-0.027294232,-0.280803548,2076300,-0.012820688,-6.587696358,344900,-0.003646312,0,1330100,-0.004784698,-0.697788437,34496400,-0.009085568,0.598057003,71504000,-0.029785752,1.337947404
17.07.20,92186800,-0.002022297,3.934275805,2101700,-0.025434897,0.015169306,18742400,0.018953263,-3.006437118,2771600,0.031748698,-6.376494228,364100,0.009090972,0,3065900,-0.051672011,-0.733404575,26628400,0.006564589,2.74898765,46650000,0.000133294,7.679962475
20.07.20,90318000,0.020854961,1.837214743,2393100,-0.028505493,0.016067537,19015000,0.030563188,-2.450890474,3248600,0.038819992,-4.465574282,1471200,0.009905529,-0.246306092,3401100,-0.028170877,0.143581319,28485200,0.029863746,-0.344670415,85607000,0.090498909,2.201695995
21.07.20,103433200,-0.013897749,7.222397942,1925900,0,0,17120700,0.012053728,-1.57535324,3336900,-0.028457205,-2.836238545,1933000,-0.002691792,0,3337900,0.040718093,-1.543376939,27703600,-0.017491351,1.025823541,80536000,-0.046493379,4.616103613
22.07.20,89001600,0.002805265,3.853689994,2798800,-0.029341958,0,19682200,-0.024333999,-2.296387672,2395500,-0.012448294,-4.237242322,1672800,0.006269613,0,2523500,0.024631787,-1.001787782,36729200,0.01061773,0.24441579,70805500,0.015167884,9.998902355
23.07.20,197004400,-0.046584813,-4.225635597,3614300,0.007416598,-0.750439642,25712000,0.000714913,-1.02114919,3280500,-0.010493276,-4.021462994,1235700,-0.016201975,0,3237200,0,1.652821178,41166000,-0.0300482,2.965688827,121642500,-0.051057616,-12.02227954
24.07.20,185438800,-0.002480322,-10.60307233,3282400,-0.014888612,0.231158724,17221500,-0.011499907,-3.63569856,3103700,-0.019169916,-20.2698536,366500,0.004526943,0,2215900,-0.019656653,0.373545399,47329200,0.006371645,4.478650128,96983000,-0.065598806,-9.654165836
27.07.20,121214000,0.023423612,-4.372636291,2980500,-0.033039854,0,18966900,0.007442122,-0.762547692,2975600,0.008565363,-8.109426283,1434900,0,0,2472700,-0.004975135,-1.5660254,29213200,0.022022654,0.932324807,80243500,0.082980745,-4.037246333
28.07.20,103625600,-0.016563945,1.455859525,6226600,0.069853827,0.009803243,9878700,-0.007241327,-0.171772822,2635000,-0.006417134,-2.843150783,631500,-0.006343474,0,4555400,-0.017610518,0.406873881,27163600,-0.019964777,2.507372998,79043500,-0.041855022,-0.298786923
29.07.20,90329200,0.018986914,-3.054506479,5489400,0.00240674,1.720553765,11493600,0.013559506,-1.352681765,3937200,0.044078489,2.877799587,431300,-0.013730193,0,2879600,0.03000225,1.605451929,28450800,0.024177915,6.29523042,47134500,0.015203906,6.064199369
30.07.20,158130000,0.012027714,12.53656499,3699100,-0.009661911,0.30003418,7032900,0.001148115,-3.925579682,3197500,-0.027056801,-3.609501589,1069500,-0.018605188,0,2398500,0.009804,0.385949988,30888000,0.01408981,2.751730084,38105000,-0.00778148,5.903797247
31.07.20,374336800,0.099563538,32.88102663,2584900,-0.019608471,0.138315009,12304100,-0.006828679,0.932401452,2154800,0,-6.376213755,1290400,-0.009434032,0,1879400,-0.022195732,-1.297800131,38608000,7.06E-05,1.81966513,61041000,-0.038884289,1.366029898
03.08.20,308151200,0.024885412,22.18183901,4047100,0.017178337,-0.270146149,11530300,0.027194374,6.024765509,1905700,0,1.944372302,1343200,0.004728141,-0.713767719,2517600,0.034317093,-0.205442739,41272000,0.036582054,2.574677535,44046500,0.037208973,8.020301471
04.08.20,173071600,0.006655943,1.923494288,3267800,-0.002436055,0.009052726,10994500,0.01638061,3.171910423,3146700,0.002107482,1.358039782,220900,-0.001888575,0,10361400,0.06529125,-1.797203073,31033600,0.019561778,1.425705495,42075000,0.001345875,1.43583869
05.08.20,121776800,0.003617976,4.654460853,1691500,0.012121361,0.04946321,10673800,0.010282544,1.843369094,2314000,0.018770103,0.830411777,279400,0.006594466,0,4919300,0.044157284,-2.23562593,24992400,0.005241106,1.368911538,24739000,-0.001332414,6.534029275
06.08.20,202428800,0.034294518,17.42625914,3742600,-0.002412546,0.400505213,10359500,0.00290239,0.781232612,5436300,0.02449102,-5.071406204,319300,-0.004705891,0,1901200,-0.044157284,0.348779773,24431600,0.004309943,1.908701538,29961500,0.003065917,8.435363081
07.08.20,198045600,-0.022998156,18.0197395,24917400,0.13744883,0.027191088,22529600,-0.052466693,-4.615314027,5364600,-0.02449102,-2.274676908,840900,-0.009478744,0,3341100,-0.06288451,-2.234417252,34251600,-0.012070234,1.81613693,44482000,-0.025063401,7.757620372
10.08.20,212403600,0.014430164,5.291373429,5048200,-0.060756209,-0.284108814,13621700,-0.015873035,1.705036331,2386700,0,-1.393161873,686600,-0.000952835,0,4561800,0.040052468,-1.654004285,42779600,-0.003085319,2.890372998,37611500,-0.023781467,8.743768535
11.08.20,187902400,-0.030191147,5.466601744,5794800,0.019934215,0.076312453,10681800,0.001168032,-1.259704783,3279900,-0.010384309,-7.498836242,720500,0.000952835,0,3138800,0.004608303,-1.167835159,35451200,-0.028618818,1.822542641,43129000,-0.03163932,9.815476959
12.08.20,165598000,0.032694041,16.33724496,2457900,0.017391743,-0.131926313,11112300,0.02688752,-0.898335957,1893900,0.006243517,-4.705764954,1860300,0.000951928,0,3057600,0.038336149,0.351797553,46441200,0.052972728,0.568435317,109147000,0.123311216,16.53224818
13.08.20,210082000,0.01754273,23.62720408,23259200,0.134877469,0.099255033,8794500,-0.005777073,-2.363688841,2495600,0.014418375,-1.589236464,859300,-0.000951928,0,2128300,0.026202372,3.053637757,37446000,0.000240438,1.242014189,102126500,0.0417221,21.24266405
14.08.20,165565200,-0.000891563,-5.686462401,12055800,0.042402666,-2.73550985,7876400,0.000984853,-2.978091075,2574800,-0.018576386,-7.62573751,235900,0,0,3474400,0.023430252,1.40415495,36643600,0.010518639,-0.61993365,62888000,0.018162213,9.740466837
17.08.20,119561600,-0.002614317,8.475091492,7159200,0.010772097,1.079976073,9760000,0.011704242,-1.965585699,1842300,0.002081166,-14.2686784,382900,0.006644543,0,2371000,-0.02558775,0.608526325,62130000,0.064706017,8.948271364,101211500,0.106187678,26.58434349
18.08.20,105633600,0.008298342,14.20559175,5790700,-0.045670037,0.414000488,13267800,0.008679615,-3.529946835,2432900,-0.004166673,-4.441655803,533300,-0.007597377,0,3834400,0.038140216,1.540831793,50344800,-0.006199708,7.956545245,82372500,0.027642787,23.11159596
19.08.20,145538000,0.001253943,7.178731494,5728300,0.007448824,-1.295562645,14096500,0.005348265,2.011870257,2641700,-0.002089865,1.01978557,488400,-0.000953744,0,2612600,-0.018888285,1.669389491,62262400,-0.010020877,4.852886349,61026500,-0.004546417,17.0810727
20.08.20,126907200,0.021946985,14.00396256,13728400,0.054164863,-0.274727124,21460800,-0.010104973,-4.55849624,2103300,0.010405921,-6.391766009,226600,-0.008624874,0,2441200,-0.023580943,0.551477601,92138800,0.000205907,6.518888844,103059000,0.063572215,23.13608147
21.08.20,338054800,0.05024855,21.91461395,8216900,-0.091976551,0.849948105,25648200,0.029900798,4.247227496,2038200,-0.01670185,-8.821196281,180000,0.010531452,0,10642600,0.087192127,0.321791235,99986800,0.043713736,5.196636477,107448000,0.023768287,28.42308889
24.08.20,345937600,0.011889282,17.11376443,8498200,0.041515396,0,22475800,0.037729186,0.609372241,2528200,0.008385793,-4.352986519,593800,0.008534902,0,4585400,-0.032326047,-0.536175231,49056400,0.00289326,5.77832427,100318000,-0.017607958,21.39651114
25.08.20,211495600,-0.008237497,12.8491405,5296900,0.023745408,0.118205793,27535500,0.035518524,7.092784183,2470300,-0.002089865,-3.429625642,512600,-0.0037843,0,2998700,0.022335954,-0.469312509,28907600,0.002336153,1.393372861,53294500,0.004527525,5.597542989
26.08.20,163022400,0.013507347,46.35253668,4419400,0.010772097,0,19530300,0.020624965,10.09108906,7741000,0.060870715,-1.624225885,500100,-0.009523882,0.046632308,2779700,0.025769513,-0.324745796,32124400,0.001802235,9.677399018,71197000,0.062191573,42.30145758
27.08.20,155552400,-0.012026392,19.48551822,31921200,0.152107778,0.540095028,14805800,-0.027044079,3.345591351,3544300,-0.009891277,-3.935786712,504700,-0.002874942,0,3384400,0.027028672,-1.496425452,31760400,-0.011397103,7.18044584,118465000,0.038976493,13.45942913
28.08.20,187630000,-0.001621161,15.0796209,9882700,-0.034324743,-0.598700882,9681500,0.016853992,-3.552043333,3993900,0.038991294,-7.879341771,129700,0.000959233,0,4236900,0.026317308,1.645991963,53716000,0.040314172,3.654254839,100406000,-0.011387895,14.2667629
31.08.20,225702700,0.033349888,3.80009971,9820200,-0.068992871,0.025559267,13253800,-0.006839952,0.565639816,4303000,-0.001913876,-9.957426596,1071100,0.006688988,0,37976000,0.214572603,0.201289649,50084000,0.017099253,5.861716685,118374400,0.118395309,22.31647424
01.09.20,151948100,0.039059719,42.92255462,9524000,0.031801843,-0.094237106,13797100,0.03750675,5.313165943,6654800,0.066691374,-2.82710288,285400,0.005698021,0,23158600,0.13558766,2.73196162,51131600,0.033138603,6.84668777,89841100,-0.047822419,55.04068693
02.09.20,200119000,-0.020936108,0.019571799,43056200,0.148249565,-1.535729591,12638600,-0.00649755,0.798368866,5100100,-0.010810916,0.340497912,1404400,0.012235447,0,13011100,0.00781254,2.526458375,87401200,0.037316659,14.27208761,96176100,-0.060034055,16.68052
03.09.20,257599600,-0.083447826,1.634101066,10626600,-0.064538521,0.04463594,16766200,-0.046917386,2.018959935,5338800,-0.063572804,-9.096787832,537000,0.002802431,0,14344500,0.014166367,-0.390090507,94512800,-0.097364914,4.251048836,87596100,-0.094572796,-17.35477457
04.09.20,332607200,0.000661672,-0.291409414,9328800,0.061693569,-0.741068727,15885800,-0.00393689,1.612872203,5839600,-0.013605652,-15.35718041,1541400,0.021228301,0,7662000,-0.021978907,-0.285661002,146368400,-0.030660225,3.392950218,110321900,0.027433521,-22.1755944
08.09.20,231366600,-0.069666305,-9.350542156,6667400,-0.0893451,0.085836943,12734000,-0.041245671,0.735342442,3747400,-0.035860416,-10.49474311,1498100,0.013605652,0,9816600,0.006514681,-2.579091069,79572800,-0.057850659,6.121926172,115465700,-0.236517918,-7.699204786
09.09.20,176940500,0.039111575,-10.5691813,5578200,-0.025237933,-0.262492381,9465700,0.011525083,2.396706108,3597600,-0.002030458,-3.184004448,495300,0,0,9068100,-0.046520016,-1.24602922,73620000,0.065152249,3.201872221,79465800,0.103669277,-4.398241942
10.09.20,182274400,-0.033190478,4.22442322,5881800,-0.052471052,-0.377364669,10676800,-0.020714653,0.201446865,3545900,-0.024692613,-11.22903434,1292000,0.00896867,0,15558300,-0.16532398,-0.689578673,69868400,-0.032228287,2.904296276,84930600,0.013720009,5.136033513
11.09.20,180860300,-0.01321584,1.592840525,4863000,-0.025576842,0.728022956,9412800,0.015060739,6.707821201,3690600,-0.0104713,-0.655735764,855100,0.033365694,0,6061200,-0.022728251,0.10816669,63692800,-0.012032293,3.746373673,60717500,0.003709396,14.80544662
14.09.20,140150100,0.029558774,10.70130092,4638100,-0.044137791,0.062941369,7883300,0.009125867,-1.180591466,3552400,0.01462931,-4.233624842,668600,0.014573768,0,10119000,0.126321556,0.061707061,120174400,0.05655188,10.02798456,83020600,0.118522058,6.020357164
15.09.20,184642000,0.001559163,18.23511318,5099300,-0.00361664,-1.028320512,8291400,0.013984161,5.111999546,2491000,-0.002076844,-2.142965603,5531100,0.033475929,0,5743500,0.025715703,0.498512428,72755600,0.009182906,-0.870170768,97298200,0.069364601,11.06349336
16.09.20,154679000,-0.029957934,11.2916613,4380600,0.042559614,0.56342812,9583500,0.000647452,2.508602894,3158600,-0.016771882,-5.065970466,2387300,0.004106782,0.055747967,19256300,0.202336188,0.841039842,55638400,-0.037368711,4.984994561,72279300,-0.017947359,11.84868296
17.09.20,178011000,-0.016092363,13.71126913,2619700,-0.006968669,0.029893402,8016900,-0.008738776,1.177470861,3696400,0,-0.938962516,2133400,0.016260521,0,17026700,0.058181955,-1.903396218,79251200,-0.004083552,2.132961947,76779200,-0.042378576,6.505013754
18.09.20,287104900,-0.03223418,9.503902334,2428500,-0.008779688,0,11753500,-0.012077563,0.230857294,4055400,0.027113235,-4.798712311,922000,0.012820688,0,17407500,0.028925423,0.813585056,69846000,-0.022250006,-1.160393739,86406800,0.043260983,18.13010938
21.09.20,195713800,0.029875041,0.710091047,4563200,-0.063715814,0,9076400,0.005162683,-0.995787955,3244900,-0.02079077,-1.319545806,1970900,-0.051460925,0,7639800,-0.079075207,-0.503704649,72104400,0.026553294,0.07538998,109476800,0.016241964,1.698988275
22.09.20,183055400,0.015593528,7.530807463,2090100,-0.020893448,0,9673300,0.005354138,-0.86901147,3316700,0.037117663,-0.813196461,1336200,0.005850414,0,34752500,0.188019578,0.792951119,64645200,0.009580695,0.533226822,79580800,-0.057615354,-3.323889717
23.09.20,150718700,-0.042851159,3.80131748,4285200,-0.086139309,0,7353200,-0.008536448,1.20297805,4556100,-0.028749413,-7.200760097,1714200,-0.028742469,0,10651200,-0.050496164,1.762841806,64701200,-0.041522039,2.077206536,95074200,-0.109157654,16.98485854
24.09.20,167743300,0.010216507,-0.880093508,4569700,-0.036212689,0,9562100,-0.011867173,0.650905394,17292800,-0.0104713,-2.35379409,1071300,-0.000858001,0,7938800,-0.093916729,1.026898107,73124000,0.018327787,0.134884098,96561100,0.019345846,6.19384054
25.09.20,149981400,0.036829389,-0.863148151,2375500,0.056917363,-0.199697295,11466600,0.005029355,1.782564587,5590800,0.004201687,-0.080641917,688900,0.027932413,-0.86909641,7515200,0.09192271,0.274281414,58801600,0.041696273,-0.776576879,67208500,0.049184229,-0.114451477
28.09.20,137672400,0.023588485,7.445631142,4676500,0.006128722,0,8761700,0.017986279,-0.432742934,7265700,-0.034118448,-1.067803194,972800,0.03445788,0,6764300,0.006961739,0.253789074,57380800,0.012447652,2.515890997,49719600,0.033459601,8.649754622
29.09.20,99382200,-0.00759657,-12.08464645,2520000,-0.010235504,-0.002966348,7673300,0.003327608,0.97975137,5843900,0.004329011,-1.505671267,1845300,0.05796454,0,5237600,0.025441685,-0.645321345,62146000,0.01452761,2.08529142,50219300,-0.005069822,16.47124834
30.09.20,142675200,0.014963368,10.68604472,2515400,-0.03135053,1.404546876,24777700,0.059747034,1.156664123,3808500,-0.008676844,-0.610884997,1387000,-0.0531375,0,6079000,-0.014598799,0.338498403,68918400,0.022780576,-1.199413454,48145600,0.023442265,3.776792046
01.10.20,116120400,0.008426489,6.627576089,3223800,-0.012820688,0,16304000,-0.013458495,1.680539616,4971200,-0.002181026,-1.567200632,771100,0.037799776,0,4554100,-0.043071254,1.407504597,52500400,0.006189154,2.58725239,50741500,0.043670068,15.76981832
02.10.20,144712000,-0.032812621,1.533056787,3576000,0,0,11482800,-0.006502652,4.049120191,6539300,-0.031044622,-2.159216709,1004700,-0.000773096,0,4340500,-0.039671173,-0.205079596,55249600,-0.041408983,3.257429215,71430000,-0.076654966,4.670069868
05.10.20,106243800,0.030326441,3.225868991,9468800,-0.118589813,-0.176760737,17876400,0.000346874,-0.066578137,3106300,0.01342302,-3.788449639,1209300,-0.019524244,0,2805000,0.00742709,0.633329571,47982000,0.043463514,-0.753910638,44722800,0.025192519,17.09173975
06.10.20,161498200,-0.029088474,-12.09640836,8404200,-0.017094433,0.228667527,15860400,0.014191076,0.695879894,3966000,0.011049836,-6.202578426,27822300,-0.144861675,0,4535400,-0.035506688,-1.379165486,78442000,0.006866558,1.946467983,49146300,-0.027870184,7.739192431
07.10.20,96849000,0.016824793,-3.908076747,6917700,-0.004938282,0.23715188,16669300,0.01395864,0.550921781,2166900,0.004385972,-5.025958449,8075700,-0.024920533,0.072967194,3308600,0.024879596,0.285207926,41808400,0.016426004,1.109265482,43127700,0.026977084,4.809519649
08.10.20,83477200,-0.000956331,-1.371390698,7868500,0.024451096,-0.221364021,15105800,0.013533668,0.959769656,2154100,0.006543099,2.472938707,5244300,-0.00938974,0,76453600,0.36550338,3.155920303,37890000,-0.009009849,0.988589583,40421100,0.001456792,15.903922
09.10.20,100506900,0.017246219,1.682274643,5021400,-0.021978907,0,11442200,-0.002665488,-0.140706974,2618200,0.027868899,-8.376993465,8507800,-0.002834201,0,77152800,-0.115376741,3.48244773,34689200,-0.005506928,1.07932595,28925700,0.018792968,3.494622229
12.10.20,240226800,0.06158474,10.26503201,3245700,0.007380107,-1.711213449,14780100,0.021780184,1.091402067,2268300,0.004219416,2.496064217,3234900,0.010353034,0.053471289,23655700,-0.018472398,0.587090767,43474400,0.033105593,3.627895098,38791100,0.018943824,21.90177133
13.10.20,262330500,-0.026885632,18.9150132,10164700,-0.141970261,-2.737681238,10898500,0.007933463,-1.699810883,10691100,0.078908461,2.530688573,2289800,-0.008462674,0.279116424,10179700,0.006756782,1.414088644,34460400,0.001562764,-2.448950023,34463700,0.009786919,14.43938986
14.10.20,150712000,0.000743029,8.893069055,31709400,-0.178937459,0.782121835,15157800,-0.02538587,2.511768276,5209400,-0.011741818,3.010744685,3035300,-0.006631952,0.429382507,10761400,0.030669623,-0.152040005,27610000,-0.010796093,2.430832749,47879700,0.032273288,16.32731349
15.10.20,112559200,-0.003968683,4.631276697,9808600,-0.062738341,-0.763807705,9709900,-0.005262354,0.270749941,4452600,0.015625318,-0.599634597,1751200,-0.004764182,0.589365263,39894800,0.121314209,0.967950982,26722400,-0.008925905,1.468119024,35672400,-0.027292962,16.40028773
16.10.20,115393800,-0.014099424,5.5934694,18565800,0.089406588,1.102301415,12338000,0.025876181,1.882410792,5982500,-0.035506688,0.80358447,4720800,0.019858809,0,11651600,-0.038324513,1.26663575,24239200,-0.011410379,0.308272378,32775900,-0.020731127,8.092053903
19.10.20,120639300,-0.025873758,3.27217457,40385100,0.152269212,-2.369200515,14107300,-0.00659483,1.666257063,4816400,0.041303806,-0.558972476,1402800,-0.00375235,0,13169100,0.044092374,4.668795272,29806800,-0.022978771,0.749119851,36287800,-0.020310925,0.476570249
20.10.20,124423700,0.013105767,-0.74383467,15978800,-0.135955636,0.182478444,8806100,0.014697026,0.185217194,4616000,-0.021422436,-9.326314062,3004700,-0.027633964,0,6604000,-0.003601012,1.122899585,22921200,0.010886878,-1.649519522,31656300,-0.020850422,7.277777798
21.10.20,89946000,-0.005461231,2.609167178,7277300,-0.029558802,0.016459793,11139700,-0.005956821,-0.730865933,3555800,0.003929278,-1.361390437,3893000,-0.012639935,0.477471424,5361900,0.017167804,2.966775198,21959600,-0.008888452,1.300157391,32370500,0.00165766,9.960460517
22.10.20,101988000,-0.009629613,3.742407412,12339600,0.039220713,-0.705638051,8008400,-0.005502666,3.220181899,2651600,0.005865119,2.398941323,6352700,-0.006872879,-0.006889004,16212200,0.055857331,-1.229572815,29048000,-0.012181211,-1.777038442,39993200,0.0074255,12.00732518
23.10.20,82572600,-0.006152707,0.488451122,6635000,-0.049271049,0.386439103,6231400,0.011814529,0.749512112,2568000,-0.00195122,0.654297211,2620600,0.004914015,0,6507300,0.006018072,1.822492076,23348400,0.017012471,1.58265943,33717000,-0.012192689,6.254694621
26.10.20,111850700,8.69E-05,-4.991165381,10458800,-0.076961041,-0.917629693,9350100,-0.009890053,0.051984965,3772800,-0.048009219,-2.038691511,2814500,-0.009852296,0,13376300,-0.109071095,-0.851301837,33689600,-0.033596486,1.164742415,28239200,-0.000832446,1.62207206
27.10.20,92276800,0.013382436,5.204498005,11251300,0.014440684,0.210607845,13175900,0.032919175,1.732123506,2077900,-0.006166515,2.496273618,1278200,-0.001982161,0,7231000,-0.058164824,-0.492070239,25052000,0.01925607,1.300302553,22686500,0.010414774,11.1387542
28.10.20,143937800,-0.047418927,4.801746602,8141100,-0.066691374,-0.906351984,13644500,-0.029438399,2.444157423,4031200,-0.0594655,-5.421221997,3894600,-0.00896867,0,6388600,-0.07102127,-1.281176054,37652000,-0.059174823,-0.327712567,25451400,-0.044933535,7.519348817
29.10.20,146129200,0.036380525,-6.788726418,9019300,-0.03509132,0.00174249,11174500,0.014891479,3.419003493,2557000,0.008714652,-5.308598646,4225900,-0.001001502,0,4165800,-0.007643349,4.057088195,32008000,0.030956495,1.106925744,22655300,0.01177708,9.48616079
30.10.20,190272600,-0.05764822,9.557457236,10968800,-0.065597282,0.021395995,14918500,-0.025501571,1.111637004,3573900,-0.026375155,1.09441796,2343600,0.004000005,0,11546900,-0.113635638,1.103122946,41682000,-0.038348956,0.576952748,42511300,-0.057071022,5.102070308
02.11.20,122866900,-0.000827084,-6.442100944,11180100,-0.093193777,-0.036091024,11857600,0.019983425,6.007476535,2864500,-0.002229655,-4.340575874,832600,-0.004000005,0,5227000,0.02639173,-0.451797099,29965200,0.003723034,0.628389398,29021100,0.03163031,8.327066513
03.11.20,107624400,0.015236794,10.30271362,15441900,0.084683087,0.023972894,58132500,-0.08479109,4.172986563,2781700,0.041536025,-5.864234521,680200,0.001001502,0,7454500,0.073509787,0.235456201,27290000,0.034280354,2.409613481,34351700,0.056758804,10.9378788
04.11.20,138235500,0.040024866,5.002845336,7609100,-0.012903405,-0.018814368,28791200,0.034892006,3.978410649,3113900,0.002139038,0.870522162,998900,0.006982572,0,5807900,-0.058735741,-0.095732572,41022800,0.05780367,1.047188785,32143100,-0.006912211,9.013393172
05.11.20,126387100,0.034878304,0,8056200,0.062913825,0,50065200,-0.027287166,0,2596900,0.037740328,0,762900,0.001986098,0,4705200,0.04830993,0,31902800,0.026169102,0,28414500,0.039839007,0
06.11.20,114457900,-0.001136646,-0.809684073,9049500,0.012121361,0,25259600,0.041523787,1.648662817,2853800,-0.00619197,-0.669972721,1112700,-0.004972661,0,5518200,0.035181664,0.233155212,38334800,0.027994381,1.608707418,21706000,-0.018755409,4.700308413
09.11.20,154515300,-0.020170108,7.346893865,132511000,0.414792291,3.485408771,22559900,-0.031908996,10.64771103,3986500,0.02049252,1.863014783,896800,0,0,6244900,-0.031694302,1.746031358,58297600,-0.066087119,-0.735110359,34833000,-0.020418707,6.742746055
10.11.20,138023400,-0.003013492,3.234222058,42129300,-0.071458964,1.264093287,61064000,-0.086182478,-15.64623054,4143600,0.018090946,0.332446486,2134200,-0.004997512,0.05405801,3826000,-0.034531984,0.292454028,64406800,-0.06522967,5.426378336,30284200,-0.026215457,7.952920452
11.11.20,112295000,0.029901092,-0.173464439,24066100,-0.114583033,0.512840246,41699000,-0.00334473,-4.113932189,5724600,0.033303763,0.673988171,1168300,-0.003010539,0,4882600,0.056908132,1.684077546,40474400,0.049498385,1.395382182,17357700,0.016363149,7.410804393
12.11.20,103162300,-0.002346004,2.500445265,14729000,-0.062623423,-0.40553385,27119100,-0.005056981,1.11013231,2987500,-0.039297787,-3.694161987,749100,-0.001005531,0,4353300,-0.054209075,2.391843359,36581200,0.002883788,1.78109669,19855100,-0.012957256,16.81295507
13.11.20,81581900,0.000419338,0.231728893,21995400,0.010152371,0.728006406,33942800,-0.013215472,-0.81988716,5360500,0.023763494,-6.113518475,1897500,0.003013563,0,3535900,-0.010840215,2.677527379,34631200,-0.011942476,2.970891259,19771100,-0.007948765,0.558739172
16.11.20,91183000,0.008682678,3.243930102,47604300,0.046060773,-0.66091681,20864200,-0.009746771,-3.230161774,3276300,0.015534293,-4.991126591,833300,0.002004009,0,9774800,0.091090241,0.426836653,41377600,0.016280371,5.082270346,26838600,-0.001004186,16.8547341
17.11.20,74271000,-0.007593191,6.050767111,22483000,-0.042699426,1.018883544,19739500,-0.005862881,-0.748374976,3229300,0.019084549,0.698540357,677700,0.0010005,0,6678200,-0.036306225,3.242808836,31202800,-0.006904812,3.015662611,61188300,0.078939377,24.80477486
18.11.20,76322100,-0.011456599,2.079358561,31717300,0.089803895,-0.873039855,28307100,-0.003784356,0.48930416,6118700,0.027960815,1.012909051,757000,-0.002002003,0,3169200,-0.005172425,1.450737408,51092400,0.000484108,1.247890116,78044000,0.097097555,10.10825316
19.11.20,74113000,0.005154865,5.405555437,13986400,-0.021706279,0.054558202,20752800,0.015745353,-0.981334629,4367200,-0.014815086,-1.077342861,925000,0.001001502,0,11787600,0.074107972,1.010522113,56593600,0.000856036,4.413353857,62475300,0.025622349,2.202201696
20.11.20,73604300,-0.011018007,-0.816913197,17088800,0.048939429,-0.073375817,34178400,0.040900392,6.213480812,6583400,0.0719735,-1.414568669,3836600,0.004992522,0,8395400,0.019865572,-1.02253585,34108800,-0.026577386,4.27698801,32911900,-0.019537884,10.82302093
23.11.20,127959300,-0.030193911,8.068788572,31514600,0.128668843,0.171509193,25317100,-0.002329686,-2.859302995,4995700,-0.017513582,8.632028866,1918000,-0.002992521,0,9599100,0.089499755,1.695834073,36135600,0.003984359,2.117834443,50260300,0.063771019,35.27975227
24.11.20,113874200,0.011527514,10.9981258,62884600,0.184069809,-0.198316766,20660500,0.035817476,3.504183967,5142800,0.007042283,0.87369235,4499600,0,0,7183200,-0.016685189,1.325879508,34650000,-0.013967004,0.064616318,53648500,0.062272429,44.01582939
25.11.20,76499200,0.007439496,3.702230775,22647300,-0.019846296,-1.84702117,15229300,-0.008033288,0.892745972,4992200,0.036179657,-3.999376372,5184000,0.027587957,0,8860100,0.076039432,0.66090219,25991600,0.021151888,0.217783337,48930200,0.032976823,14.13599471
27.11.20,46691300,0.004814658,8.390682702,10097400,-0.008948606,0.05414745,9583200,-0.00447489,-0.898902125,3742500,0.03980625,2.551768609,3456700,-0.001945526,0,12504200,0.086333181,1.786027438,16727600,0.002000318,0.637446466,37561100,0.02028077,14.53359221
30.11.20,169410200,0.020880111,8.060088508,16555000,-0.041290269,0.37754022,30476100,-0.048616665,1.428956696,6862900,-0.046597448,-2.446258006,3171200,0.011616781,0,31983500,0.029413825,5.830260537,28695200,0.010520371,3.617344168,63003100,-0.031493263,12.14386956
01.12.20,127728200,0.030361787,10.47026799,12130100,-0.028505493,0.099830621,14573100,0.002465159,0.957252228,329454900,0.176055515,-0.216384543,2087300,-0.012590965,0,12653900,-0.046980149,2.699537746,29694800,-0.000858618,2.65876482,40103500,0.029784621,14.90485802
02.12.20,89004200,0.002929193,7.411575643,11847600,0.040147068,1.120435696,13919700,-0.010241282,3.231906952,150129800,0.062303883,0.347950843,1223900,-0.000975134,0,7883400,0.04818721,0.828967817,28336000,0.011472597,4.015099595,47775700,-0.027637472,-2.03896336
03.12.20,78967600,-0.0011381,5.403021636,66080900,-0.174022754,0.021618363,15520500,0.021165801,-0.46284095,40307200,0.001341382,-3.114790126,1347200,0,0,6295000,-0.028136351,3.923897587,19952000,-0.010728876,0.03946391,42552000,0.04227096,10.64200826
04.12.20,78260400,-0.005628252,7.684999813,33157300,-0.033616611,0.116649731,15527600,0.001273012,0.080994671,69814500,0.132860927,3.255519023,7121400,0.025049479,0,8972700,0.047252823,5.756089169,20224400,0.012038909,1.260429249,29401300,0.009493325,9.165016753
07.12.20,86712000,0.012195238,2.538791906,20503900,0.014144507,0.267442981,11388700,-0.012235447,2.365379607,44629100,-0.03220314,2.470401072,17597000,0.040098612,0,7386300,-0.033085725,0.369050969,22324400,0.003570759,-2.472763045,56309700,0.06888608,-8.813084632
08.12.20,82225500,0.005077979,5.864438447,29530600,0.111521274,0,9447700,0.007885479,2.598049766,26885100,0.03220314,-4.124502622,19322400,0.021700671,0,16120200,0.035449851,0.008437535,27192000,-0.019049671,1.921988754,64265000,0.012573321,42.1778859
09.12.20,115089200,-0.021125289,14.77086249,20991200,-0.030614636,-0.32934321,9060700,-0.008643388,0.248650719,19628000,-0.024956732,-7.415338414,14610300,0.00801786,0,24357900,-0.215205894,-7.468799476,40130000,-0.03190825,7.532957037,71291200,-0.072419187,20.31980297
10.12.20,81312200,0.011917525,2.962129355,19872800,0.057877787,0.129836067,10290300,0.004047926,4.45606795,10923200,0.007194276,-0.211076072,10395600,0.020202707,0.000789143,7558900,0.033120378,-5.472639938,20776400,0.0032045,2.282731249,67083200,0.036689637,11.63892283
11.12.20,86939800,-0.006757546,6.552164721,22310400,-0.042453316,1.67908714,7771300,-0.001246618,5.958897273,11643200,-0.025409716,-6.909997307,6535800,-0.012248622,0.597184083,7496900,-0.0590766,-1.598884588,20926400,0.003155536,-0.590145719,46475000,-0.027615641,7.005323436
14.12.20,79184500,-0.005159979,-0.040389954,67159000,-0.206070737,-1.581604277,18369900,-0.032697881,-2.899114014,14675500,0.010969031,-10.99813509,7926300,-0.011509645,0,10007100,-0.045340074,-0.929133671,27015600,0.022453577,1.724024652,52040600,0.047759995,-0.491257718
15.12.20,157243700,0.048876121,3.825746204,54432100,-0.109199292,0.032124151,16595600,-0.003599793,3.277097665,9782000,0.006042314,-0.252782962,7250300,-0.016158341,0,8189800,0.085109675,-1.560890165,19301600,0.003880949,1.633199267,45071500,-0.010337254,13.36696263
16.12.20,98208600,-0.00054747,7.386063711,25423200,-0.028370697,0.266573723,15804800,0.026229797,0.357570405,8043200,-0.007255171,-5.006000926,7232100,-0.015504187,0.138861668,5865100,0,1.185759816,22311600,-0.008871301,5.456336794,42095800,-0.016687988,1.323837097
17.12.20,94359800,0.00693929,11.26216841,23799300,0.024868067,-3.395857138,14306600,0.009651914,-1.735948943,17717900,0.002424244,-2.218755242,7773400,0.012785562,0,8194900,0.068366924,-1.313519589,23138400,0.007429467,5.328993919,56270100,0.051831074,10.09111679
18.12.20,192541500,-0.015977697,5.893126928,21941700,-0.017699577,-0.117262342,15981800,-0.016894909,-0.630147476,49470100,-0.172682928,-5.083014077,19455300,0.091839389,0,16618800,0.052539988,1.889106558,34206400,-0.005204228,4.138093077,222126200,0.057903471,17.62549308
21.12.20,121251600,0.012319094,10.46313651,22699800,-0.043802623,-0.6457961,10901800,0.001652453,3.819891075,17988300,0.022760584,0.37587434,19575300,0.09244636,0.668415766,9876100,-0.006418507,0.656640984,30233200,0.00452927,0.949065161,58045300,-0.067154914,6.075657541
22.12.20,168904800,0.028066926,13.56154955,21638400,-0.034158919,-0.066677187,11468400,-0.017820915,0.695044519,16741500,0.011188928,-6.592739436,15044600,0.014981554,0.895162258,30652700,0.225587388,4.094940903,18558000,-0.00405857,0.140225226,51716000,-0.014757605,21.96131621
23.12.20,88223700,-0.007000465,9.651271401,15724800,-0.011650617,0.273268955,10729200,0.001367126,1.414867177,9115500,-0.014005831,0.406146808,15546500,0.041505776,0,25830300,0.055472678,2.634459646,17914400,-0.02046665,-0.444705294,33173000,0.008769185,9.122841308
24.12.20,54930100,0.007682594,15.672496,11094200,-0.019724505,-0.115159792,141830000,-0.143202913,-47.7767324,6088300,-0.004240289,-1.18752387,10841000,0.060876331,0,6262200,-0.020629415,4.192922377,9788400,-0.001192111,2.053487679,22865600,0.024149581,15.16422156
28.12.20,124486200,0.035141042,8.738607025,23942700,-0.048989387,-0.285666797,73512100,0.001620313,-12.78519342,9820100,-0.0258264,4.60432474,19509500,0.135961324,0,8965900,0.040841845,-2.233299712,21256400,-0.007241172,1.815950749,32278600,0.002897082,15.09341248
29.12.20,121047300,-0.013404268,17.44459887,21086100,-0.042741548,-0.862837256,69715900,0.060635178,0.207971319,11284200,-0.016117565,-4.119482636,14976400,-0.049845202,-0.161794573,9241400,-0.079804579,2.163940022,17037200,0.003347094,3.479845983,22910800,0.003459464,17.98668397
30.12.20,96452100,-0.008563298,19.27225058,40278400,-0.058443596,-3.051219824,44812300,0.008975111,4.008081882,9434900,-0.014881227,-1.508132999,8843800,-0.014888612,0,5934400,-0.006211148,1.164165484,22539600,0.015524114,-0.812131102,42846000,0.04232065,25.43121351
31.12.20,99116600,-0.007732435,18.40063991,28234300,-0.018692133,-1.72609064,23451800,-0.024029018,3.105031826,7530600,-0.006015056,-2.141593712,8701300,0.047002854,-0.009098327,6922700,-0.022048137,-0.652768757,19242400,-0.006927271,2.480451429,49649900,0.015552392,41.64436543
04.01.21,143301900,-0.025029821,6.971697737,29873800,-0.053281367,-0.790993655,24897900,-0.021191422,-13.72056436,11139200,-0.007570059,-6.639354202,21001700,-0.071679841,0,10022500,-0.088170126,0.020959605,56064000,0.004470939,0.393042816,48638200,0.033581761,2.56396712
05.01.21,97664900,0.012287854,4.858724355,28148300,-0.015037877,-0.585031514,35823800,0.053616634,-2.94027223,9108900,0.028466342,-2.075334651,13198800,-0.033879462,0,4961500,0.006932494,1.02128842,32276000,0.021966957,0.649646465,32245200,0.007290684,8.279396153
06.01.21,155088000,-0.034241072,9.633117375,67363300,0.015037877,-0.886573064,37146100,-0.054670535,-12.41611504,11022300,-0.008902136,-6.328671104,26843600,-0.037816795,0,6056200,0.055429802,0.132168669,58042400,-0.060762215,-0.455478515,44700000,0.027994767,20.69136928
07.01.21,109578200,0.033553943,6.238453659,26150500,0.019705071,-1.738519255,49361800,-0.003124277,-4.168068005,13062800,0.050846101,-7.718162835,20563800,0.097622464,0,6129300,-0.015368085,-2.265984365,46148000,0.05621985,0.808442122,51498900,0.076448452,29.92848119
08.01.21,105158200,0.008594147,14.63194312,39553300,0.042966036,-0.564704645,34884900,0.040127209,2.049207249,23039300,0.068426139,-2.478347678,15380000,-0.007518832,-1.082325671,6482000,-0.02180679,0.681052721,29252800,-0.005052473,4.70033145,75055500,0.075481311,50.77237786
11.01.21,100384500,-0.023523215,9.548732676,41695800,0.027651531,0.608955186,23036900,-0.03805795,0.419934805,15720100,0.011834458,-3.292639683,13793300,-0.059603131,-0.615036413,14908000,0.11972825,1.3008936,51834400,0.025635173,-0.069465232,59301600,-0.081442349,2.677921628
12.01.21,91951100,-0.001396624,9.821211327,41549200,0.040094457,0.708247318,18969900,-0.007815078,-3.312725497,9416000,-0.002617803,-1.972520434,15606600,-0.024325524,0.103485566,7060700,0.000501379,6.65361982,29147600,-0.010090091,-0.20558408,46270700,0.046075003,28.67063095
13.01.21,88636800,0.0160965,8.166946822,45847700,-0.049226941,0.686813198,38805100,0.042097762,1.332707593,8345500,-0.025216996,3.189412805,13886000,-0.043333125,0,144501700,0.453578699,5.250122327,21002800,0.003479378,1.59420123,33312500,0.005833829,1.269329147
14.01.21,90221800,-0.015242614,3.156506453,49638800,0,-0.689169193,31381600,0.03211781,-8.093721047,65231300,0.202501862,4.258715111,13765600,0.000714031,0,93717400,0.239819026,5.318948745,28312000,-0.024803024,1.637538382,31266300,-0.011074513,2.591129866
15.01.21,111598500,-0.013825859,7.298170204,162356400,0.066543391,0.511903511,21561600,0.001973568,1.847512859,153854700,0.077083,2.39873652,13851400,-0.05652881,0,46866400,-0.117094223,-7.021560759,27778000,-0.026152889,0.756504008,38777600,-0.022548201,6.817404713
19.01.21,90757300,0.005412437,2.116891039,256276000,0.272546648,0.514030251,23681900,0.033086523,1.014974476,112483200,0.227200352,2.570752874,13329600,0.037796274,0.722732493,74721900,0.103217401,0.195609911,22618800,0.012806894,-0.020861546,25367000,0.0220155,2.371298015
20.01.21,104319500,0.032327969,1.980562323,181862200,-0.029852963,0.377106811,44640800,0.053537928,4.77857231,130140700,0.035007553,13.96692905,9519200,-0.001455604,0,33471800,-0.006116278,0.502854239,25857200,0.025805719,1.375005487,25665900,0.006961708,4.129669573
21.01.21,120150900,0.036002298,5.07644098,64823800,0.003361348,2.424613177,20709900,-0.020895507,1.120933082,63272900,0.004680196,10.18288262,7794600,-0.010248992,0,56216900,0.095263704,0.3111093,33778000,0.03685249,0.013797999,20521100,-0.006440854,15.79426137
22.01.21,114459400,0.015945952,2.716791628,268273400,0.163692737,1.825999395,13518200,-0.005321847,0.668437922,120473600,0.088566587,8.871322847,11562000,-0.002947681,0,197157900,0.412643611,-17.05509467,24682000,-0.011240191,1.441360663,20066500,0.001950811,11.41362754
25.01.21,157611700,0.027307562,0,443238100,0.230523659,0,19478600,0.010615523,0,363829100,0.250126694,0,16187000,0.02765824,0,177874000,0.166533301,0,25111200,-0.004330131,0,41173400,0.039554979,0
26.01.21,98390600,0.001677947,0,456850200,0.115266045,0,14681200,0.017220254,0,242740800,0.048182471,0,25700200,0.123430297,0,178588000,0.656002666,0,16398000,-0.016095817,0,23131600,0.002596579,0
27.01.21,140843800,-0.007713439,0.982340681,1222342500,1.389313991,-7.51423595,16050400,-0.021552853,-0.654390052,372222600,0.282648283,-4.970478824,22931100,-0.100718178,0.263961334,93396700,0.853716368,-63.14840452,37127200,-0.039279476,0.853613384,27334000,-0.021669246,-0.330065496
28.01.21,142621100,-0.035611889,-5.296073696,591223900,-0.835475227,-103.6754358,10244900,0.001957775,0.485068401,194906600,-0.538427511,-65.51719813,17912600,-0.012712036,0.16927886,58815800,-0.584999265,-275.5209116,22831600,0.0102624,0.600506089,26378000,-0.033811352,-5.219360839
29.01.21,177523800,-0.038138863,0.93997256,602193300,0.42950748,-20.9106955,14693000,-0.026935723,0.762277237,94049200,-0.038265538,-12.74000776,12310600,-0.008565363,0.492709018,50566100,0.518030976,-130.5785244,27155200,-0.004703978,0.898883509,34990800,-0.051455171,3.504899603
01.02.21,106239800,0.016385146,8.911616946,434608000,0.00301205,-3.633239239,15289300,0.041894578,3.372021686,78506000,0.036899418,-11.27026681,10178500,-0.010086541,0,37382200,-0.36772478,-233.4194231,21720400,0.018855101,-0.030040115,25391400,0.05668429,4.790582663
02.02.21,83305400,0.006316776,7.942988405,462775900,-0.531079481,-2.174478702,30534300,-0.039258501,-0.571320296,80520900,-0.236388778,9.872121648,11088900,0.011519206,0.114926148,78183100,-0.916290732,-278.0633371,22044000,0.023868627,3.24970476,24346200,0.038519278,3.908317356
03.02.21,89880900,-0.007808653,5.612948072,221405100,0.137201122,15.91649867,29179700,0.034486815,2.493910665,50001300,0.038221213,21.36025773,8780100,-0.001432665,0.634675094,42698500,0.026425571,-83.96307198,24540800,-0.001938263,4.416651813,18343500,-0.020956119,9.814591886
04.02.21,84183100,0.025431567,0,162985800,-0.235200336,0,16763000,0.013311149,0,33668000,0.01242252,0,69155500,-0.131587559,0,62427300,-0.546553587,0,20134000,0.009836688,0,15812700,-0.005514259,0
05.02.21,75693800,-0.003102935,0,197097600,-0.037360667,0,11018700,-0.004843815,0,44183100,0.085157808,0,66575300,0.055658243,0,81345000,0.175601206,0,16915200,-0.005375114,0,18566600,0.002631847,0
08.02.21,71297200,0.001096316,2.260901322,128171500,-0.100006402,1.857489401,10721100,-0.011661121,0.67570874,37068900,0.039278854,1.568957747,34018200,-0.044276006,0,25687300,-0.060938298,-2.456274457,43462400,0.060507697,0.541777267,20161700,0.013044807,15.34995915
09.02.21,76774200,-0.006595439,3.593305225,102588100,-0.116570179,3.966534485,12432800,0.014742817,1.960894312,23252500,-0.024274822,21.83784136,30417300,0.061907739,0,26843100,-0.176140678,-2.162848066,28756000,-0.012229229,3.722977896,15157700,-0.016300348,9.940357218
10.02.21,73046600,-0.004568942,5.821149154,152810800,0.053109825,-7.245799161,13090800,0.004866443,1.701646691,27277900,-0.02487878,2.959874392,17265800,-0.051453282,-0.607495029,36455000,0.017535667,-74.39937909,48535200,0.034522419,0.433580793,36216100,-0.053982221,-3.187544331
11.02.21,64280000,-0.001922107,3.921963924,55920400,-0.033307198,-8.837563676,15295800,0.004247972,2.579184906,22895500,-0.050088717,4.070808113,14699000,-0.039989008,0.175493252,13056700,-0.001955094,-16.84069563,45082800,0.03241992,4.447382318,21622800,0.008462841,4.224451017
12.02.21,60145100,0.001774325,4.397639682,46773000,-0.003571432,2.763055554,9355100,-0.004023952,-2.965531548,18222500,0.045498043,15.4121688,9652800,0.005811556,0,14573300,0.025122171,-20.76143583,37475600,-0.019165018,3.938979839,23768300,0.005479897,2.11471217
16.02.21,80576300,-0.016234877,5.975928166,61165700,0.010676258,0.286184481,16708700,0.010584096,1.567077847,25480200,-0.065766268,-1.013239196,18245000,-0.050074101,0,8175000,-0.056732001,-5.993253203,32196000,0.024364334,1.136480576,19802300,-0.024685904,-4.029329519
17.02.21,97918500,-0.017801549,1.319836827,38849000,-0.017857617,0.730097909,13262400,0.000480029,1.041278927,26222900,-0.075684215,-5.09450489,13279700,-0.014906019,0.337980261,9186800,-0.074838453,-3.786082712,27475600,-0.028064193,0.587972017,25996500,0.002421087,2.866738806
18.02.21,96856700,-0.008674066,15.69038128,130540800,-0.007233305,-2.338715511,15382300,-0.023612174,0.833826766,19052600,-0.034145276,-3.754737138,15000000,-0.044251012,0,23990600,-0.121353838,-39.54046307,23386800,-0.005179112,0.095956448,17957100,-0.013585595,4.25227432
19.02.21,87668800,0.00123284,0.882525038,40249100,0.033901552,-3.548257537,14718400,-0.003484245,0.945676618,20132700,-0.003663008,-15.37860734,16930800,0.013755375,-1.603332233,14828200,-0.002460607,-21.67629045,27172400,0.006553572,1.276078667,18958300,-0.007751801,0.943140883
22.02.21,103916400,-0.030252051,13.38073547,173409000,0.138998875,4.406930361,14403500,-0.037060583,0.289932186,21227500,-0.020389956,-2.161405164,13030900,0.009066245,0,19476000,0.125119666,-7.871821116,32588400,-0.038987584,0.64833764,37269700,-0.089376186,-0.978449205
23.02.21,158273000,-0.001111749,11.35477099,264876400,0.161755279,0.85385065,15980300,-0.004933409,-0.257695757,27150600,-0.026567027,-14.51470362,18013200,-0.089640363,0,7565200,-0.022645773,-13.2729081,39178000,-0.015001562,2.946786865,66606900,-0.022161141,1.998591897
24.02.21,111039900,-0.004060389,7.549674615,376881800,0.165954579,1.922157301,12831700,-0.00958088,-1.336458414,40660700,0.084765267,-3.200041091,8457300,0.020518551,0,83111700,0.712635791,-34.66121129,44832000,0.024930586,0.965089757,36767000,0.059954368,-5.41593859
25.02.21,148199500,-0.035401902,-6.355033126,445717400,-0.092124939,0.15141758,17967300,-0.041431365,-0.455977326,46082800,-0.067605646,6.142108856,15351700,-0.062863587,0.093520256,150308800,0.170236359,-91.88742552,82443600,-0.085751829,-0.926053417,39023900,-0.08402408,-6.190058803
26.02.21,164560400,0.002229129,12.06682606,137028000,-0.034359208,-3.52396025,17470700,-0.010126873,1.065829836,22542400,-0.051392792,-2.515327356,16535900,-0.032446593,0,92194200,-0.066447253,-59.18793956,50093200,0.030125944,0.442214429,41089200,-0.009898987,-7.494951317
01.03.21,116307900,0.052451324,0,143586500,0.136336444,0,14043300,0.016394181,0,24897300,0.082107165,0,19560700,0.098207333,0,49794000,0.16839903,0,35318400,0.009235609,0,27136200,0.061615108,0
02.03.21,102260900,-0.021115071,-4.712663393,78135400,-0.02761081,-0.451383867,14644200,-0.030541552,-2.072198067,12395300,-0.038304543,-1.836360758,31920200,-0.137257848,-0.95331536,33783000,-0.018610664,-7.771228684,26411600,-0.031968465,-0.09219713,23732200,-0.045549441,-0.921194638
03.03.21,112966300,-0.024760598,-0.150025994,55651900,-0.039982481,4.168047901,13571700,0.007860866,-3.750118592,14866300,-0.033901552,-13.64650758,25552400,-0.086609205,-0.187779114,19273900,0.04952324,-14.43794141,37759200,-0.045904732,-0.687479576,30208000,-0.049635445,-5.85453806
04.03.21,178155000,-0.015938222,11.56969058,77822600,-0.066249386,-1.894636855,22964800,-0.024724373,0.344678588,26124100,-0.031017994,-17.6149824,29250600,-0.128546423,0.638365466,32606900,0.063717848,-27.87292481,57334400,-0.034521833,2.47490582,65919500,-0.049844011,-29.6576339
05.03.21,153766600,0.010681137,0.326297658,59734100,0.002487563,-0.049233094,15988400,0.014600053,0,23723400,-0.04044097,0.310972535,27624300,0.072735288,0,30733700,0.039917912,0.890735092,54284000,0.007349533,0,89396500,-0.03853221,1.412804787
08.03.21,154376600,-0.042566762,-9.272786491,114343800,0.143266461,1.506323164,17138400,-0.031267461,-1.095992702,16479500,0.031252544,-0.617958772,14706600,-0.064538521,0.187417736,63565600,0.345064277,-28.84028744,54311200,-0.072220812,-5.782103412,51787000,-0.06022753,-8.770247445
09.03.21,129525800,0.039845211,16.2392838,150415600,0.122436704,5.583837852,15291300,0.049275278,3.018688159,21437800,0.069334693,-1.734635402,13962900,0.108213585,-0.804817759,39099300,0.238551209,-9.821791754,52182400,0.077269414,0.997940524,67523300,0.179327168,4.703106275
10.03.21,111943300,-0.009208883,3.6222951,261918600,-0.063903802,-2.718397867,10491200,-0.016256374,0.340043788,23939100,-0.010582109,-2.23146565,13634700,-0.00981603,0.113322603,71570600,0.070746454,-60.56506161,38437600,-0.004161935,0.064438769,60605700,-0.00822881,-0.369277486
11.03.21,103026500,0.01636794,0.679903048,83933600,0.042728805,1.750739072,15162500,0.027364368,0.971200299,12306200,0.034223872,-5.053846199,9389800,0.066770923,0,28312500,-0.019048195,-17.92675,29991600,0.041263782,0.493499782,36253900,0.046130722,2.081963405
12.03.21,88105100,-0.007654665,27.2412075,111146700,0.082135697,2.234558106,17778400,-0.037789878,-2.886642472,25863200,0.102084126,-4.317456999,6492900,0.027305451,0,25845900,0.01715962,-10.20360364,24396400,-0.010638545,0.633864183,33583800,-0.008425902,-0.010135999
15.03.21,92403800,0.024162485,8.514661049,277713300,0.229574442,-0.817075976,14499700,-0.006880893,2.457608416,25353500,-0.01444989,5.957550815,9329400,-0.003935906,0,24100400,-0.183577548,-7.324346067,22198800,0.02574317,1.846778418,29335600,0.02027654,9.545954226
16.03.21,115227900,0.012662438,5.35608027,125967600,-0.075423762,-0.512515417,19336600,-0.014654386,-5.316204399,19812400,-0.019015266,4.184402743,8385100,-0.030314017,0.028096329,35422900,-0.055908659,-13.16008912,27212800,0.007552142,0.531966377,32195700,-0.044865335,0.38341972
17.03.21,111932600,-0.006471434,0.737297795,78053600,0.040637646,-1.366219937,16949500,0.027855031,0.288707044,9710500,0.012142387,0.319076002,13208400,0.016129382,0,16481600,0.007847306,-9.978414518,24386400,0.003754738,0.347489028,40372500,0.036168697,-0.58823712
18.03.21,121229700,-0.03449325,0,121418000,0.031933047,0,14822300,0.013155551,0,11400300,-0.075169543,0,12319200,-0.032523192,0,11764900,-0.039173043,0,29389600,-0.047488647,0,33224800,-0.071840628,0
19.03.21,185549500,-0.004490272,0,153206000,-0.005012542,0,15959700,0.01411136,0,10519100,0.017503902,0,19825200,0.004711434,0,24677300,-0.007362831,0,29920800,0.009640951,0,42894000,0.002614654,0
22.03.21,111912300,0.027941691,0,88760100,-0.109116464,0,12063200,-0.01119719,0,7903600,-0.022161572,0,10363600,0.032372769,0,10061500,-0.029285703,0,29780400,0.026161529,0,39512200,0.022840977,0
23.03.21,95467100,-0.00691257,0,87923200,-0.158429905,0,12295600,0.002316827,0,12245500,-0.061617178,0,12386900,-0.060980203,0,14429100,-0.067748657,0,22204800,-0.008797545,0,30491900,-0.011770535,0
24.03.21,88530500,-0.020196091,0,81850700,-0.167054085,0,15949900,-0.034588056,0,12636100,-0.049883115,0,8895300,-0.075317894,0,24177900,-0.41231108,0,24584000,-0.033273315,0,33795200,-0.049358847,0
25.03.21,98844700,0.004154905,0,131192800,0.192981463,0,24819800,-0.03037971,0,14363900,0.03083492,0,8926300,0.019367939,0,50962300,0.423255102,0,29514400,-0.008559033,0,39224900,0.015929058,0
26.03.21,94071200,0.005128252,0,84633100,-0.066124177,0,22030800,0.020179333,0,13197200,-0.025629286,0,5656000,-0.029852963,0,37430700,-0.015079107,0,36396800,0.023962127,0,33852800,-0.034440688,0
29.03.21,80819200,0.001483875,1.323091688,37330700,0.0106849,1.151870979,18029100,0.020039031,-0.222127894,13538000,-0.045679742,-0.035888268,4552900,-0.033492749,0,10042200,0.001656103,-8.326562982,27352000,0.008453843,0.192540721,28637000,-0.012065259,1.483065712
30.03.21,85671900,-0.012350415,0.206328096,39020500,0,-2.763452675,14828700,-0.011320634,-0.158547399,17569600,0.015102768,-4.936936491,5227000,-0.020647671,0,17094900,0.070073388,-11.71990183,20020400,-0.005925572,-1.304961461,39432400,0.03902945,5.216584547
31.03.21,118323800,0.018591774,10.92354293,29832300,-0.013618888,-2.084693129,16825400,-0.011053247,-1.171679957,32865200,-0.10250948,-6.851195078,4816500,0.050180018,0,8393800,-0.024150231,-8.295780146,31477600,0.036350253,0.960108585,33337300,0.049582475,4.622813534
01.04.21,75089100,0.006934499,1.559566841,77473900,-0.086922342,1.009827398,23497500,-0.010507955,-1.058630683,14709900,0.019965431,1.650567096,4261000,-0.024097552,0,9334300,0.008550371,-1.75734873,30827600,0.03413425,1.216647769,35298400,-0.009295526,-2.383935083
05.04.21,88651200,0.023303671,2.149652095,96082300,0.125351662,0.573206801,14962100,0.004180952,1.607789671,18460000,0.078252197,10.05471602,3472300,0.016129382,0,14070500,-0.023785477,-1.205434931,25567200,0.012644521,0.326912547,41842800,0.043324322,-0.715923982
06.04.21,80171300,0.002459203,8.873589125,44067000,-0.039409232,2.013780501,18100400,0.023121674,5.010499286,9807300,-0.033901552,-6.102470014,3911200,0.014560151,-0.844482373,6218300,-0.013191722,-5.324828113,19174400,-0.009048873,2.307830865,28271800,0.000824502,6.294323952
07.04.21,83466700,0.013301512,13.48411893,28804300,-0.034916265,-0.166558829,18034900,-0.022589214,0.785584642,16106100,-0.008938607,-1.901464594,3555200,-0.034762859,0,4768300,-0.036034461,-1.26290881,25128400,0.020139985,1.914971746,26309400,-0.030312281,10.21021533
08.04.21,88844600,0.019051156,9.284963858,33408700,-0.006109999,0.604617605,12211300,0.012432409,4.13109527,11406800,0.057781739,-0.715296474,76990700,0.185717146,-0.007323526,10047400,-0.044288351,-4.332606865,24441600,0.012192504,0.320108084,23924300,0.018941076,2.037544412
09.04.21,106686700,0.02004924,14.05392415,29254600,-0.038526368,-0.104047265,19763000,-0.021836797,-0.213784527,6685200,-0.033390286,1.672261294,28369100,-0.075064536,1.509000033,9462400,-0.072455723,-2.963993178,19517200,0.005780477,-0.270404484,21437100,-0.009964616,12.61671667
12.04.21,91420000,-0.013321359,0,51269800,-0.088750004,0,57500300,0.088648256,0,6501800,-0.011013327,0,10003600,-0.048668369,0,16683600,-0.115472972,0,86932400,0.054659222,0,29135700,0.036204041,0
13.04.21,91266500,0.024015778,0,44049100,0.025201792,0,20793000,-0.008726114,0,6896000,0.007722046,0,4714700,-0.001279591,0,6806900,-0.000708955,0,67621200,0.03046668,0,44652800,0.082461539,0
14.04.21,87222800,-0.018014359,1.273740317,51166300,0.056089467,0.184196331,12405200,-0.011057658,0.4137675,7711600,-0.011049836,-12.40852779,4996100,-0.051225907,0.054893373,21138100,0.166486466,-3.616991551,38550000,-0.026005651,-1.319967736,49017400,-0.040271779,6.640722332
15.04.21,89347100,0.018535069,6.563892048,45198900,0.057158414,-0.867131801,11288900,-0.000585382,-1.130952609,8438200,-0.025887771,-8.222567858,5824400,-0.009478744,-0.158485272,7856800,-0.062502905,-7.318068306,59848000,0.05478175,3.890312577,27848900,0.009000246,0.412436522
16.04.21,84922400,-0.002531061,2.564006347,40696700,-0.059299742,0.499631241,14418800,-0.001674386,-0.66773478,7577500,-0.008013781,-0.142791716,249097800,0.182321557,-1.854561985,5214700,-0.011249435,-8.525535558,33520800,-0.014025258,0.792018626,27979500,0.001257993,1.150330447
19.04.21,94264200,0.005055621,2.716088205,32814300,0.034758633,-1.779218544,11216000,-0.016516746,-6.991503283,6377700,-0.009237941,-8.326502041,236758200,0.092006439,1.136713398,10520200,0.060696827,4.451538694,40442000,-0.03522429,-0.140568777,39686200,-0.034587951,10.00454771
20.04.21,94812300,-0.012912844,2.777006995,27008900,-0.040132101,-0.405497733,12093900,-0.021091446,-0.734612868,12637600,-0.048732161,-3.353810155,41659000,-0.114943225,-0.790182893,4658600,-0.03617611,-9.513932298,33413200,-0.012478519,0.930360548,35609000,0.006082502,-0.949726121
21.04.21,68847100,0.002925449,4.756200802,23598200,0.052477937,-2.689015564,14315900,-0.001915889,-1.862129316,9263300,0.053361799,-3.099899817,23876800,0.048679673,0.528041897,3812800,-0.000126192,-17.00423151,21677600,0.012397131,2.987176459,31215500,0.03435487,1.526724285
22.04.21,84566500,-0.011754077,-4.636160523,49923500,0.021245109,-0.522475331,11986200,-0.000392319,-2.11412183,8636300,-0.00231214,-7.799828561,12717000,-0.062698594,0,4345800,-0.047412633,-6.919261454,27778800,-0.033782489,0.382481996,35590300,-0.033381739,-2.921844886
23.04.21,78657500,0.01787771,7.567496097,27465600,0.016873849,-0.470841447,8967000,0.011832901,0.454123746,5426100,0.024014876,-7.259954338,12228800,0.031270643,-0.80427083,4029100,6.61E-05,-6.284461414,22750000,0.027562186,0.030420826,28370000,0.013401745,1.24599553
26.04.21,66905100,0.002973558,2.34834013,78592900,0.123888593,1.001903285,7792900,0.002667909,0.371106151,8168100,0.026757449,-3.70216174,12273100,0.050038231,0,10532100,0.111013253,0.69622069,19779600,0.013840726,0.6398854,31038500,0.011992496,2.102210094
27.04.21,66015800,-0.002452652,2.325759916,51629800,-0.003484324,0.914615118,11646300,0.013742699,1.371570647,21110700,0.021763645,-0.25141106,8484600,0.002166848,0.565522823,8932700,0.051006216,-11.73938753,16457200,-0.006237842,-1.021375213,29437000,-0.046385881,0.48248593
28.04.21,107760100,-0.006045368,10.93849358,39720500,-0.054697631,-3.685240692,9187700,0.003385256,1.572809139,12299900,0.001075847,-6.070928663,86442400,0.127833372,-0.155545605,5788900,0.004546089,-13.26956435,20941600,-0.006849681,-0.976858251,22271000,-0.014780728,5.892712221
29.04.21,151101000,-0.000748932,8.127015755,37782900,-0.06177736,-1.61579171,9552800,-0.010787992,0.653283128,6870000,-0.02614528,0.834929309,68334900,-0.031933047,-0.049281081,3760300,-0.013473722,-11.83321845,17319600,0.003136951,0.14181402,28845400,-0.025376925,0.058703281
30.04.21,109839500,-0.015248971,13.06117803,27741000,-0.016807118,0.016616796,9326400,-0.013888797,-0.142557915,6135800,-0.025714105,-0.404906421,17439400,-0.031970755,0,4433600,-0.014866796,0.24886283,20191200,-0.020785689,1.079519938,40758700,0.046804656,8.472498597
03.05.21,75135100,0.00818173,1.661327761,31251200,-0.03242432,-2.203488987,13620900,-0.001039683,-0.045073912,5724900,-0.025230696,-3.857658854,15999100,-0.058532902,-0.127579096,5261000,-0.067866051,-8.460989344,20391200,-0.011576165,0.262295952,27043100,-0.035203052,-0.173951797
04.05.21,137564700,-0.036026712,-11.32782298,35222400,-0.033510989,-0.066662252,13260500,-0.012254631,0.058640693,8622900,-0.029465891,-5.352294692,10100100,-0.025069433,2.061105537,4007500,-0.009104209,-2.756889737,40532400,-0.033270241,4.83716373,29739300,-0.01663645,3.0201411
05.05.21,84000900,0.001953596,-2.257920358,27608700,-0.023708007,0.413702956,10013800,-0.00492653,0.164184129,5292300,-0.016888218,-4.125797524,6653600,-0.024582243,1.199845216,2805400,-0.007807416,-7.89925058,29202400,0.007445443,0.18334711,21901900,-0.00395671,-0.913037586
06.05.21,78128300,0.012721147,1.159726921,39586300,-0.018712709,-0.787454387,12247700,-0.001588707,-2.551880424,7009600,-0.008552282,-3.593883856,8476000,-0.071500862,0.060523225,2942800,0.009547946,-2.28338069,19338000,0.004451167,2.581788557,27784600,-0.011090612,-2.615491305
07.05.21,78973300,0.005313317,1.135884971,38245000,0.055119299,-1.064509369,10550000,-0.00491445,-1.408820909,5591900,0.039692523,-0.289719112,6507400,0.04629907,-0.451517224,2934600,0.000620924,0.480450334,22932800,0.019720837,-0.206003602,23469200,0.013219672,-6.12927717
10.05.21,88071200,-0.026143359,-3.988358038,41015300,0.023897241,-2.582352219,17266700,-0.02598833,-2.23706363,5755100,-0.042149526,-12.66380036,6204000,-0.042660497,0.29480396,4806700,-0.117705451,-12.62286092,26890400,-0.037592876,-0.178147024,31392400,-0.066613964,-5.084591406
11.05.21,126142800,-0.007437835,1.627113323,49601000,0.031331517,-1.380905043,13887700,0.008391812,-3.877390156,8230200,0.020694591,-10.76158129,8188700,-0.015863664,0.34711119,4684600,0.025506291,-5.184319933,28558400,0.002834911,0.322510157,46503900,-0.019001673,0.697007608
12.05.21,112172300,-0.025254724,-4.858375631,54423500,0.026511126,-0.055322628,20366900,-0.006707834,-0.334967841,7447300,-0.043083586,-10.33150141,7664000,-0.044004585,-0.858290544,2731500,-0.014603839,-3.255031245,30340800,-0.039039694,1.457415706,33823600,-0.045257036,-5.973726036
13.05.21,105861300,0.017761024,4.740568602,296525000,0.21301491,0.284095588,51693900,-0.064908418,-15.09733,13669500,-0.001258653,-6.921638555,9648800,-0.069176509,-0.864951622,8873500,0.127626202,-6.833128166,28540400,-0.006800752,1.813105788,44184900,-0.031339214,-21.35721271
14.05.21,81918000,0.019650408,0.779721939,207589900,0.016311041,-2.635345131,31626800,0.016506994,-4.470472934,9579300,0.061069033,-7.463116985,7968600,0.02851517,-0.754610872,4293500,-0.028236893,-4.51981789,25861600,0.041409469,1.813246544,33370900,0.031084855,-8.035935383
17.05.21,74244600,-0.009301686,0.85893955,158933100,0.072069797,0.190986751,20529800,0.007323639,-0.000715957,5199900,0.005906692,1.344957685,38562000,-0.091035527,0,7462100,0.121610997,1.692432502,21698000,-0.005456143,0.576371429,32390400,-0.02213412,0.577078317
18.05.21,63342900,-0.01130941,2.655690181,172488400,0.005718386,-1.057542487,19519400,0.012571665,-1.755207139,7234400,0.032447806,2.082587713,16185700,0.021755753,-0.895354869,7738700,0.000387478,-0.062470195,18625600,-0.010627585,0.514131503,36830600,0.001801296,-7.113780187
19.05.21,92612000,-0.001282347,-3.09814753,89024100,-0.104331505,-0.887841735,17030400,-0.005536579,5.476641919,5238500,-0.026575799,-7.388874991,9210400,-0.018827493,-1.123091757,4825900,-0.067779848,-6.077108592,34400000,0.003560986,1.014608991,39578400,-0.025252536,-3.605626353
20.05.21,76857100,0.020794341,-2.939603603,61419700,-0.007145723,-2.985824775,19123400,0.02072112,-1.563615821,4089300,0.0277154,-6.852409924,9340400,0.041523503,-0.583266973,2478200,0.00978437,-10.3108726,32159200,0.038134579,1.207372717,30821100,0.040553627,4.735290622
21.05.21,79295400,-0.01487718,-4.433733174,53937700,-0.038169473,-0.781527142,22825500,-0.027708849,0.857212108,5029000,-0.030060067,-1.479119876,7435600,-0.028451421,0.083177263,3654700,0.036285875,0.063670936,67299200,0.025622672,1.630605175,26030600,-0.010105808,-5.325453715
24.05.21,63092900,0.0132263,6.727011505,113319200,0.12438372,0.052489549,15884200,-0.002941857,-5.074402884,4336500,0.011668744,-0.453308477,5711100,-0.001444044,0,4664300,0.018049829,-4.126497423,55481600,0.040539778,1.518823611,34558100,0.043061595,-2.924016278
25.05.21,72009500,-0.001574734,2.996093255,213644100,0.181955993,3.72910025,14116100,0.003273495,-1.562268074,7590900,-0.003486349,-2.694075428,5745100,0.014347448,0,14887500,0.151377144,-3.616195576,43540800,0.002287325,1.543252063,28005900,-0.002889865,0.584789265
26.05.21,56575900,-0.000394158,0.389571369,379064100,0.175595708,2.867577258,9405800,0.003073914,-0.5424415,26504900,0.094357244,1.388682959,8083000,0.043212298,-0.01558513,21119900,0.146859573,-5.144618236,37044000,0.003333606,-0.481000997,28639300,0.023599342,1.254016897
27.05.21,94625600,-0.012454044,-1.143313629,705545700,0.304412552,0.615475157,18680200,0.004522791,0.082433407,45662100,0.054624604,4.519366723,31641300,0.065986994,0.046121731,15526300,0.046596873,-1.68740056,58147600,-0.013595184,1.798349671,26370600,0.018752803,3.591535187
28.05.21,71311100,-0.005362319,2.215308286,660623600,-0.015197823,0.181403921,10401500,0.005718328,-0.584939354,116292700,0.009980123,1.101002745,13836200,-0.024564907,0,11751400,-0.135168585,-7.208139297,64453600,0.04768887,2.949215678,22737000,-0.008964537,-1.285410504
01.06.21,67637100,-0.002651837,8.084568476,508694600,0.204283811,-0.517554137,23052800,0.02547198,2.345145246,87552400,0.137990157,2.523971796,8800200,0.011711259,0,9625600,0.114855849,1.182014844,47280400,0.001230441,2.129025871,18084900,-0.002113404,0.473558418
02.06.21,59278900,0.006256529,0.380822483,766462500,0.668981068,-10.66560394,13126400,0.000501059,-0.378805947,346138300,0.27702864,4.282478845,34883700,0.122801327,1.280606387,16019200,0.125224507,-7.028438827,59416800,0.031098524,1.968068791,23302800,-0.03056336,-0.871961518
03.06.21,76229200,-0.012228551,0.35918221,598142200,-0.197496045,-9.450279198,12448100,-0.011680517,-3.10016729,536739400,0.040480953,-1.240538615,48726800,0.0226254,-0.43616344,8000000,-0.089100748,-17.93929713,58000800,0.011348892,2.099814976,30111900,-0.054820284,-17.01325193
04.06.21,75169300,0.0188435,-0.551208588,337710100,-0.069145925,-0.774527783,8999100,0.009081432,-0.408942225,174183700,-0.136053462,-3.228743738,16049900,0.006688988,0.836533852,3637500,-0.038777678,2.94492018,61712000,0.035230093,2.634691264,24036900,0.044738554,-1.565461922
07.06.21,71057600,7.94E-05,-0.76896112,349094900,0.138008934,0.001676847,9928600,-0.009726678,0.931846153,197778200,0.129102407,1.94944813,125343900,0.280993084,2.368191045,6051500,0.119946042,-2.315235291,57575600,0.002315513,0.042974133,22543700,0.010098272,-4.417731309
08.06.21,74403800,0.006649753,2.162664293,214490300,0.00090866,-4.374638332,9443000,-0.004991631,0.464051419,162544200,0.001900539,-0.897875829,735483700,0.619619835,-0.310006906,17439100,0.068957122,-10.13761546,32384800,-0.009237126,1.239920632,26053400,-0.002548115,-1.681978856
09.06.21,56877900,0.003072468,1.705847997,150361300,-0.109506734,-1.548235704,10233600,-0.011651341,-1.502152515,103503100,-0.04134956,0.263079553,371777100,-0.269341142,3.021981035,13429300,0.008497124,-8.510314256,38165600,-0.005443708,3.69493256,16584600,-0.008000904,-0.23778161
10.06.21,71186400,-0.008055619,-2.156224527,224860600,-0.141963368,-2.837203606,10735900,-0.001172635,-3.056131727,68611400,-0.087491223,0.396817158,155520600,-0.165443519,-0.902117709,22980200,-0.316880899,-7.253695438,28777200,0.003838097,0.094639102,23919600,0.018761351,0.968087715
11.06.21,53522400,0.009784589,4.76554651,218006600,0.143178721,-1.119372015,12276600,-0.00673407,1.9472676,56132800,0.020663364,1.690349529,142806000,0.046995369,-0.237605311,15580800,0.057097901,-1.254127593,41630800,0.022709982,4.551298934,16205300,-0.000377013,1.563441552
14.06.21,96906500,0.024280724,3.418833321,301467300,0.143100803,1.040545975,10773100,0.010808898,-0.834542084,47532000,-0.009210125,-1.528965606,96497900,-0.024925507,0.282637067,7132600,-0.016855034,-1.898524826,32137600,0.010796909,1.944877729,20424000,0.012708079,1.096946768
15.06.21,62746300,-0.006458477,2.848689882,285582100,0.035163929,2.274401922,12167000,-0.018302417,-0.205963085,39804700,-0.004279607,-4.065600501,53251700,-0.062630384,-0.311269559,7301900,-0.030714465,-0.987614511,24303200,-0.012860695,2.213894662,17764100,-0.030124322,0.2490404
16.06.21,91815000,0.003926214,4.579524992,166450700,-0.067614628,-1.460333422,10917800,-0.00352898,-2.616361745,44085000,-0.082667068,-1.335117964,40173200,-0.061396525,-0.248706495,5564800,0.002110136,-9.973752999,30712400,0.001221905,3.950392315,22144100,0.009151156,0.136085433
17.06.21,96721700,0.012522081,11.72336375,303576000,0.095837241,-1.751473308,11233700,0.010833513,0.564304667,43188000,0.047754431,-3.538057756,30706000,-0.030578627,-0.485994447,4608600,0.002776762,-7.695922444,80965600,0.046460675,5.851200816,22701400,0.019206926,3.077067041
18.06.21,108953300,-0.010143017,2.811846279,243645900,-0.024503302,-1.965596514,13724600,0.003302655,0.74446247,38351400,-0.046202841,-7.398444344,34165300,-0.042282721,-0.488969203,4320300,-0.044679427,-2.151310108,96885600,-0.000992062,6.046442323,24560900,0.010823508,2.364179696
21.06.21,79663300,0.014005417,4.048690579,185876100,-0.062133929,0.445748489,9273800,-0.005857939,-0.943154595,23253600,-0.00778214,2.251604912,32480200,-0.068755595,-0.187779114,5120200,-0.06496894,1.71493721,67238400,-0.011412102,2.72567929,24812700,-0.003986664,0.881103925
22.06.21,74783600,0.012618376,-0.55963827,169494100,0.045286802,2.795862019,11092100,0.001231162,0.734418796,32563300,0.046555526,-2.998995429,154157500,0.116596092,0.917042021,8200200,0.095278418,-1.004387855,58014400,0.024630001,4.789687226,19158900,0.004628232,1.022921115
23.06.21,60214200,-0.002091975,7.170903102,116291800,0.000514695,-0.122416691,13785800,0.016613052,0.644877092,22997600,-0.020339684,-0.903267805,152247800,0.090765209,0.289121106,3555100,-0.004821031,0.512949937,33235600,0.008986976,2.716681807,31099200,0.051343773,1.011092406
24.06.21,68711000,-0.00217139,-3.980558214,80351200,-0.027827848,0.745849052,13488200,0.01625003,0.018424232,22159000,-0.035635064,-0.222692465,101689000,-0.002896454,0.780130653,3863300,-0.032575558,1.808330016,32092400,0.007749087,4.621534534,45982400,0.034798743,0.729230486
25.06.21,70783700,-0.0022512,-0.763625346,77596900,-0.047679669,-0.234499438,27383900,0.045299523,4.431782086,36954200,-0.045168968,-2.164163196,50810200,-0.061304693,0.074918803,12692700,-0.013276014,0.945664193,27836400,-0.009127456,4.78090497,32496700,-0.011763206,0.635699057
28.06.21,62111300,0.012467923,-2.008912145,99310200,0.072243224,-0.057102234,13564900,0.000393778,-2.010836902,31117800,0.05458819,-0.886860297,36178100,-0.013193827,0.053995339,4879400,0.017693739,-2.374188346,49543600,0.04891283,11.03565912,21628200,0.024769898,6.325663687
29.06.21,64556100,0.011434618,6.325158065,63604100,-0.029336851,-0.85492865,10273800,0.003711578,3.834520182,14336800,-0.044735894,-1.609753325,73090600,0.042819997,0.661701659,2480000,-0.011175911,3.205389706,36763200,0.002086851,10.04237141,17381300,-0.011624924,6.789051756
30.06.21,63261400,0.004610506,5.964766155,59020600,0.004420483,0.243848595,9348600,-0.011661186,-2.012107968,13816700,-0.001635323,-5.310016517,34028200,-0.002998503,-0.001959841,2539600,0.015340727,-4.475019689,32656800,-0.001211638,20.00322053,18924900,-0.001558294,6.829832035